Unnamed: 0,text,labels
0," Maxs family , who loved him dearly , made posters  with Maxs picture  and hung them around the park.","[1, 1, 0, 2, 2, 2, 2, 0, 1, 1, 3, 3, 3, 1, 1, 1, 1, 1, 1]"
1," The next day, a little girl  who had seen Max playing there before  saw one of the posters .","[0, 0, 0, 1, 1, 1, 2, 2, 2, 2, 2, 2, 2, 1, 1, 1, 1, 1, 0]"
2, She immediately recognized that Max is the puppy  on the poster .,"[0, 0, 0, 0, 1, 1, 1, 1, 3, 3, 3, 0]"
3, She quickly called  to let Maxs family know .,"[1, 1, 1, 4, 4, 4, 4, 4, 0]"
4, They rushed to the park  to pick him up immediately .,"[1, 1, 1, 1, 1, 4, 4, 4, 4, 4, 0]"
5, Max was happy  to be reunited  with his family  who had missed him so much .,"[1, 1, 1, 4, 4, 4, 3, 3, 3, 2, 2, 2, 2, 2, 2, 0]"
6, He also was grateful that he had made some great new friends  who helped him  to find his way back home.,"[0, 0, 0, 0, 0, 1, 1, 1, 1, 1, 1, 1, 2, 2, 2, 4, 4, 4, 4, 4, 4]"
7," After this experience , Max , who had always been curious and adventurous , never strayed too far  from home .","[3, 3, 3, 0, 1, 0, 2, 2, 2, 2, 2, 2, 2, 0, 1, 1, 1, 1, 3, 3, 0]"
8," Max realized that his family , who had always been there for him , was not the only source of love and support.","[0, 0, 0, 1, 1, 0, 2, 2, 2, 2, 2, 2, 2, 0, 1, 1, 1, 1, 1, 1, 1, 1, 1]"
9, He learned that there were many kind and caring people  like his new friends  in the park .,"[0, 0, 0, 1, 1, 1, 1, 1, 1, 1, 3, 3, 3, 3, 3, 3, 3, 0]"
10," Through his journey , Max discovered that friendship was not just about having fun and playing together , but also about being there for each other in hard times .","[3, 3, 3, 0, 0, 0, 0, 2, 2, 2, 2, 2, 2, 2, 2, 2, 2, 0, 1, 1, 1, 1, 1, 1, 1, 1, 1, 1, 1, 0]"
11, He would often visit the park and play  with his new friends .,"[1, 1, 1, 1, 1, 1, 1, 1, 3, 3, 3, 3, 0]"
12, He knew that they had made a bond  that would last forever .,"[0, 0, 0, 1, 1, 1, 1, 1, 2, 2, 2, 2, 0]"
13, Maxs adventure taught him a lesson  that he would carry with him  throughout his life .,"[1, 1, 1, 1, 1, 1, 2, 2, 2, 2, 2, 2, 3, 3, 3, 0]"
14, Max had to navigate through a dense forest  which was filled  with tall trees and thick underbrush.,"[1, 1, 1, 1, 1, 1, 1, 1, 2, 2, 2, 3, 3, 3, 3, 3, 3]"
15," In the forest , wild animals , including raccoons and falcons ,  scared him to death .","[3, 3, 3, 0, 1, 1, 0, 3, 3, 3, 3, 0, 1, 1, 1, 1, 0]"
16," He got lost  in the city , which was loud and chaotic. ","[1, 1, 1, 3, 3, 3, 0, 2, 2, 2, 2, 2]"
17," Hunger, thirst, and exhaustion were constant challenges  for him .","[1, 1, 1, 1, 1, 1, 1, 3, 3, 0]"
18," He had to struggle  through thorny bushes, mud, and other obstacles .","[1, 1, 1, 1, 3, 3, 3, 3, 3, 3, 3, 0]"
19," He needed to find shelter , such as under a tree or in a park , to avoid predators .","[1, 1, 1, 1, 1, 0, 3, 3, 3, 3, 3, 3, 3, 3, 3, 0, 4, 4, 4, 0]"
20," Additionally, he had to endure loneliness and isolation  without human contact  for so long.","[0, 1, 1, 1, 1, 1, 1, 1, 3, 3, 3, 3, 3, 3]"
21," My mom , who is always kind and respectful to others , teaches me to do the same","[1, 1, 0, 2, 2, 2, 2, 2, 2, 2, 2, 0, 1, 1, 1, 1, 1, 1]"
22, She thinks that honesty is important  for building trust and mutual respect in relationships .,"[0, 0, 0, 1, 1, 1, 3, 3, 3, 3, 3, 3, 3, 3, 0]"
23, I agree with my mothers belief  in honesty  in all interactions .,"[1, 1, 1, 1, 1, 1, 3, 3, 3, 3, 3, 0]"
24, My mother also believes in the importance of forgiveness  for maintaining healthy relationships.,"[1, 1, 1, 1, 1, 1, 1, 1, 1, 3, 3, 3, 3]"
25, I am a person  who practices forgiveness  to become more understanding .,"[1, 1, 1, 1, 2, 2, 2, 4, 4, 4, 4, 0]"
26, She continuously motivates me  to grow and develop personally .,"[1, 1, 1, 1, 4, 4, 4, 4, 4, 0]"
27," In my opinion, if people treat each other  with kindness and respect , it can make our society better.","[0, 0, 0, 2, 2, 2, 2, 2, 3, 3, 3, 3, 0, 1, 1, 1, 1, 1, 1]"
28, Research has shown that honesty is connected  with relationship satisfaction .,"[0, 0, 0, 0, 1, 1, 1, 3, 3, 3, 0]"
29, And forgiveness helps to fix and support relationships  that may have been damaged .,"[0, 1, 1, 1, 1, 1, 1, 1, 2, 2, 2, 2, 2, 0]"
30, People  who treat others with kindness and respect  have positive relationships .,"[1, 2, 2, 2, 2, 2, 2, 2, 1, 1, 1, 0]"
31, Personal growth leads to increased selfesteem  which ensures a kind attitude .,"[1, 1, 1, 1, 1, 1, 2, 2, 2, 2, 2, 0]"
32," Honesty, forgiveness, and treating others  with kindness  are all important values  that can contribute  to personal growth .","[1, 1, 1, 1, 1, 3, 3, 1, 1, 1, 1, 2, 2, 2, 3, 3, 3, 0]"
33, A combination of these values can lead to a fulfilling life  that you can be proud of .,"[1, 1, 1, 1, 1, 1, 1, 1, 1, 1, 1, 2, 2, 2, 2, 2, 2, 0]"
34, Practicing these values can also have a positive impact  on society .,"[1, 1, 1, 1, 1, 1, 1, 1, 1, 3, 3, 0]"
35, Honesty can be an approach  which causes hurt feelings .,"[1, 1, 1, 1, 1, 2, 2, 2, 2, 0]"
36, And forgiveness should not always be right  for multiple reasons .,"[0, 1, 1, 1, 1, 1, 1, 3, 3, 3, 0]"
37, Some actions  that people do  may be unforgivable .,"[1, 1, 2, 2, 2, 1, 1, 1, 0]"
38, These principles may not apply  to all cultures or societies .,"[1, 1, 1, 1, 1, 3, 3, 3, 3, 3, 0]"
39," Also, there can be negative consequences  for being honest and forgiving .","[0, 1, 1, 1, 1, 1, 3, 3, 3, 3, 3, 0]"
40, You can be taken advantage of  for your kindness .,"[1, 1, 1, 1, 1, 1, 3, 3, 3, 0]"
41," Therefore, treating others  with kindness  is not always possible .","[0, 1, 1, 3, 3, 1, 1, 1, 1, 0]"
42, Struggling with negative thoughts and feelings  about myself  was a challenge .,"[1, 1, 1, 1, 1, 1, 3, 3, 1, 1, 1, 0]"
43, I kept it a secret  because I felt ashamed  to talk about it .,"[1, 1, 1, 1, 1, 2, 2, 2, 2, 4, 4, 4, 4, 0]"
44," Although I eventually went to a counselor  for help , it took me a long time  to overcome my shame.","[2, 2, 2, 2, 2, 2, 2, 3, 3, 0, 1, 1, 1, 1, 1, 1, 4, 4, 4, 4]"
45, Managing my mental health issues  with therapy and medicine  was crucial .,"[1, 1, 1, 1, 1, 3, 3, 3, 3, 1, 1, 0]"
46," Getting professional help , which strengthened my coping mechanisms ,  made a big difference.","[1, 1, 1, 0, 2, 2, 2, 2, 2, 0, 1, 1, 1, 1]"
47, I was interested in psychology  because it helped me  to overcome negative thoughts .,"[1, 1, 1, 1, 1, 2, 2, 2, 2, 4, 4, 4, 4, 0]"
48, Now I am glad  to help others  with similar struggles  that I had .,"[0, 1, 1, 1, 4, 4, 4, 3, 3, 3, 2, 2, 2, 0]"
49, The mental health challenges  that led me to seek professional help  were my selfesteem issues and anxiety.,"[1, 1, 1, 1, 2, 2, 2, 2, 2, 2, 2, 1, 1, 1, 1, 1, 1]"
50," Managing my anxiety , which made me selfcriticized , was a major breakthrough .","[1, 1, 1, 0, 2, 2, 2, 2, 0, 1, 1, 1, 1, 0]"
51," Therefore, I decided to help others  who are going through the same struggles .","[0, 1, 1, 1, 1, 1, 2, 2, 2, 2, 2, 2, 2, 0]"
52, Being open and honest helped me  to realize  that I was not alone  in this struggle .,"[1, 1, 1, 1, 1, 1, 4, 4, 2, 2, 2, 2, 2, 3, 3, 3, 0]"
53, I also learned that it is important  to exercise and eat healthily .,"[0, 0, 0, 0, 1, 1, 1, 4, 4, 4, 4, 4, 0]"
54," Things  like exercising, eating well, and getting enough sleep  are now my positive coping mechanisms.","[1, 3, 3, 3, 3, 3, 3, 3, 3, 1, 1, 1, 1, 1, 1]"
55, My story is a reminder  that you are not alone  in your struggles  with mental health .,"[1, 1, 1, 1, 1, 2, 2, 2, 2, 2, 3, 3, 3, 3, 3, 3, 0]"
56, I did not try other alternative solutions  for mental health issues .,"[1, 1, 1, 1, 1, 1, 1, 3, 3, 3, 3, 0]"
57, Seeking professional help is not the only solution  for mental health issues .,"[1, 1, 1, 1, 1, 1, 1, 1, 3, 3, 3, 3, 0]"
58, Selfhelp and support groups can also be beneficial options  that people can choose .,"[1, 1, 1, 1, 1, 1, 1, 1, 1, 2, 2, 2, 2, 0]"
59, Some people  who struggle  with mental health issues  may not have access  to therapy and medication.,"[1, 1, 2, 2, 3, 3, 3, 3, 1, 1, 1, 1, 3, 3, 3, 3]"
60, Therapy and medication may not be helpful  for everyone  who struggles  with mental health issues.,"[1, 1, 1, 1, 1, 1, 1, 3, 3, 2, 2, 3, 3, 3, 3]"
61," If I had not struggled  with mental health issues , I would not have majored in psychology .","[2, 2, 2, 2, 2, 3, 3, 3, 3, 0, 1, 1, 1, 1, 1, 1, 1, 0]"
62, I am not a therapist  who can help everyone  with mental health issues .,"[1, 1, 1, 1, 1, 2, 2, 2, 2, 3, 3, 3, 3, 0]"
63, I was injured  when I was playing basketball  in high school .,"[1, 1, 1, 2, 2, 2, 2, 2, 3, 3, 3, 0]"
64, I was afraid that I couldn’t achieve my dream  to become an NBA player .,"[0, 0, 0, 0, 1, 1, 1, 1, 1, 4, 4, 4, 4, 4, 0]"
65," Due to the injury , I eventually gave up  on my dream .","[3, 3, 3, 3, 0, 1, 1, 1, 1, 3, 3, 3, 0]"
66, My parents encouraged me  to pursue a different hobby .,"[1, 1, 1, 1, 4, 4, 4, 4, 4, 0]"
67, The instructor of the poem club is the teacher  who changed my life .,"[1, 1, 1, 1, 1, 1, 1, 1, 1, 2, 2, 2, 2, 2]"
68, I still remember and value the advice  that he gave me .,"[1, 1, 1, 1, 1, 1, 1, 2, 2, 2, 2, 2]"
69, He said that the only thing  that matters  is what you do now.,"[0, 0, 0, 1, 1, 1, 2, 2, 1, 1, 1, 1, 1]"
70," The best gift  in life  is having close friends and family  who support me,  no matter what happens.","[1, 1, 1, 3, 3, 1, 1, 1, 1, 1, 1, 2, 2, 2, 2, 2, 2, 2]"
71, My parents are my guardian angels  who never give up  on me.,"[1, 1, 1, 1, 1, 1, 2, 2, 2, 2, 3, 3]"
72, The light  that guided me to discover my passion  was their support.,"[1, 1, 2, 2, 2, 2, 2, 2, 2, 1, 1, 1]"
73, I found my selfesteem  after winning a writing competition.,"[1, 1, 1, 1, 3, 3, 3, 3, 3]"
74," So, I learned that everything happens  for a reason.","[0, 0, 0, 0, 1, 1, 3, 3, 3]"
75, I found outlets  for my dreams  where they can come true.,"[1, 1, 1, 3, 3, 3, 2, 2, 2, 2, 2]"
76, I would give up  if I did not see the bright side of life.,"[1, 1, 1, 1, 2, 2, 2, 2, 2, 2, 2, 2, 2, 2]"
77, I found my childhood boring  because I grew up  in a small town.,"[1, 1, 1, 1, 1, 2, 2, 2, 2, 3, 3, 3, 3]"
78," In my hometown , bullying was more harmful  than physical injuries.","[3, 3, 3, 0, 1, 1, 1, 1, 3, 3, 3]"
79, Most students  in the poem club  were bullies.,"[1, 1, 3, 3, 3, 3, 1, 1]"
80, The only reason  why I joined the poem club  was the instructor.,"[1, 1, 1, 2, 2, 2, 2, 2, 2, 1, 1, 1]"
81, I have difficulty writing  about topics  other than sports.,"[1, 1, 1, 1, 3, 3, 3, 3, 3]"
82," If my parents had helped me , I could have attended a college  in the city .","[2, 2, 2, 2, 2, 2, 0, 1, 1, 1, 1, 1, 1, 3, 3, 3, 0]"
83, I would have had the opportunity  to receive a good education .,"[1, 1, 1, 1, 1, 1, 4, 4, 4, 4, 4, 0]"
84," My parents , who are both doctors , used to volunteer  when I was a child .","[1, 1, 0, 2, 2, 2, 2, 0, 1, 1, 1, 2, 2, 2, 2, 2, 0]"
85, I grew up with the mindset  that I can be a light  in others lives .,"[1, 1, 1, 1, 1, 1, 2, 2, 2, 2, 2, 2, 3, 3, 3, 0]"
86," Therefore, I am living a life  that values the happiness of everyone .","[0, 1, 1, 1, 1, 1, 2, 2, 2, 2, 2, 2, 0]"
87, The local community center is a place  where my ideas can come to life .,"[1, 1, 1, 1, 1, 1, 1, 2, 2, 2, 2, 2, 2, 2, 0]"
88," Since I majored in education , I try to make education available  for everyone , including those who are less privileged.","[2, 2, 2, 2, 2, 0, 1, 1, 1, 1, 1, 1, 3, 3, 0, 3, 3, 3, 3, 3, 3]"
89, I believe that the biggest gift  that I can give others  is education .,"[0, 0, 0, 1, 1, 1, 2, 2, 2, 2, 2, 1, 1, 0]"
90, Education provides a path  to a bright future .,"[1, 1, 1, 1, 3, 3, 3, 3, 0]"
91," My parents , who work endless hours , run a successful family business.","[1, 1, 0, 2, 2, 2, 2, 0, 1, 1, 1, 1, 1]"
92," They say,  you should never ignore those  in need .","[0, 0, 0, 1, 1, 1, 1, 1, 3, 3, 0]"
93, They introduced me  to the local community center .,"[1, 1, 1, 3, 3, 3, 3, 3, 0]"
94, I used to play with children  from shelters .,"[1, 1, 1, 1, 1, 1, 3, 3, 0]"
95," Then, I met my lifelong friends  who always support me .","[0, 1, 1, 1, 1, 1, 2, 2, 2, 2, 0]"
96, We sometimes volunteer  for the same projects .,"[1, 1, 1, 3, 3, 3, 3, 0]"
97, Seeing my friends succeed gives me hope  that other children can follow  in their paths .,"[1, 1, 1, 1, 1, 1, 1, 2, 2, 2, 2, 2, 3, 3, 3, 0]"
98, It makes me sad  to see people suffer. ,"[1, 1, 1, 1, 4, 4, 4, 4]"
99, I wish our country had a good system  that helps everyone  who is in poor conditions .,"[0, 0, 1, 1, 1, 1, 1, 1, 2, 2, 2, 2, 2, 2, 2, 2, 0]"
100, Some social workers  in the private sector  try to steal opportunities  from these people .,"[1, 1, 1, 3, 3, 3, 3, 1, 1, 1, 1, 3, 3, 3, 0]"
101, I dont understand  how their mind works .,"[1, 1, 1, 2, 2, 2, 2, 0]"
102, I think that they are the ones  who are most miserable  because their mind is filled  with selfishness.,"[0, 0, 0, 1, 1, 1, 1, 2, 2, 2, 2, 2, 2, 2, 2, 2, 3, 3]"
103," Instead, we can work together  to create a better future  for them .","[0, 1, 1, 1, 1, 4, 4, 4, 4, 4, 3, 3, 0]"
104, The first thing  that I want to start doing  is to help them  to free their mind .,"[1, 1, 1, 2, 2, 2, 2, 2, 2, 1, 1, 1, 1, 4, 4, 4, 4, 0]"
105," Johns mother , who is known for her powerful voice , is a singer .","[1, 1, 0, 2, 2, 2, 2, 2, 2, 2, 0, 1, 1, 1, 0]"
106," Hence, he was born  into a world of music .","[0, 1, 1, 1, 3, 3, 3, 3, 3, 0]"
107, John has always loved music  since he was a child .,"[1, 1, 1, 1, 1, 2, 2, 2, 2, 2, 0]"
108, He was a selftaught musician  who spent hours every day practicing different instruments.,"[1, 1, 1, 1, 1, 2, 2, 2, 2, 2, 2, 2, 2]"
109," Eventually, he fell in love  with the guitar .","[0, 1, 1, 1, 1, 3, 3, 3, 0]"
110," As Johns musical abilities grew , he became interested in composing music  for film and television.","[2, 2, 2, 2, 2, 0, 1, 1, 1, 1, 1, 1, 3, 3, 3, 3]"
111, He found success  in this field  as well .,"[1, 1, 1, 3, 3, 3, 3, 3, 0]"
112, He watched videos of famous guitarists  to learn their techniques .,"[1, 1, 1, 1, 1, 1, 4, 4, 4, 4, 0]"
113, He was a determined young man  who worked tirelessly  to achieve his goals .,"[1, 1, 1, 1, 1, 1, 2, 2, 2, 4, 4, 4, 4, 0]"
114," Because of his hard work , he earned a full scholarship  to attend college .","[3, 3, 3, 3, 3, 0, 1, 1, 1, 1, 1, 4, 4, 4, 0]"
115, His attendance  at the same college  where his mother had graduated  was a rare opportunity.,"[1, 1, 3, 3, 3, 3, 2, 2, 2, 2, 2, 1, 1, 1, 1]"
116," During his college years , he met a group of students  who also wanted to form a band . ","[3, 3, 3, 3, 0, 1, 1, 1, 1, 1, 1, 2, 2, 2, 2, 2, 2, 2, 0]"
117, His band began performing  at local events .,"[1, 1, 1, 1, 3, 3, 3, 0]"
118," The guitar , which he had saved up for months to buy , was his most prized possession .","[1, 1, 0, 2, 2, 2, 2, 2, 2, 2, 2, 2, 0, 1, 1, 1, 1, 1, 0]"
119, Johns interest  in music  was not supported  due to his mothers lack of success .,"[1, 1, 3, 3, 1, 1, 1, 3, 3, 3, 3, 3, 3, 3, 0]"
120, His father encouraged him  to pursue a career  in science instead.,"[1, 1, 1, 1, 4, 4, 4, 4, 3, 3, 0]"
121," Johns father , who had always dreamed of his son following in his footsteps , was disappointed.","[1, 1, 0, 2, 2, 2, 2, 2, 2, 2, 2, 2, 2, 2, 0, 1, 1]"
122," Since John was unable to receive formal music lessons , he had to practice  in secret .","[2, 2, 2, 2, 2, 2, 2, 2, 2, 0, 1, 1, 1, 1, 3, 3, 0]"
123," His father , who was a farmer ,  took a long time  to trust him .","[1, 1, 0, 2, 2, 2, 2, 0, 1, 1, 1, 1, 4, 4, 4, 0]"
124," Additionally, when John began to succeed , he faced several unexpected challenges .","[0, 2, 2, 2, 2, 2, 0, 1, 1, 1, 1, 1, 0]"
125," For example, there was a member  who always got into trouble .","[0, 0, 1, 1, 1, 1, 2, 2, 2, 2, 2, 0]"
126, I was not a good student  who excelled  in school .,"[1, 1, 1, 1, 1, 1, 2, 2, 3, 3, 0]"
127, But I had a strong desire  to learn a lot of things .,"[0, 1, 1, 1, 1, 1, 4, 4, 4, 4, 4, 4, 0]"
128, I was interested in computer science  because I admired  how fast technologies evolved .,"[1, 1, 1, 1, 1, 1, 2, 2, 2, 2, 2, 2, 2, 0]"
129, My sisters advice  about finding your own method  changed my life .,"[1, 1, 1, 3, 3, 3, 3, 3, 1, 1, 1, 0]"
130, My grades improved  after I figured out my learning methods .,"[1, 1, 1, 2, 2, 2, 2, 2, 2, 2, 0]"
131, And I graduated  with honors  from high school .,"[0, 1, 1, 3, 3, 3, 3, 3, 0]"
132," On my graduation day , my sister was the first person  who I wanted to thank .","[3, 3, 3, 3, 0, 1, 1, 1, 1, 1, 1, 2, 2, 2, 2, 2, 0]"
133, I ended up majoring in software engineering  with the help of my hard work and effort .,"[1, 1, 1, 1, 1, 1, 1, 3, 3, 3, 3, 3, 3, 3, 3, 3, 0]"
134, The learning methods  that I found in high school  still worked to excel  in my studies  in college.,"[1, 1, 1, 2, 2, 2, 2, 2, 2, 1, 1, 1, 1, 3, 3, 3, 3, 3]"
135," I noticed that asking questions, experimenting, observing, and reflecting were skills  that helped me  to learn and adapt to new technologies quickly .","[0, 0, 0, 1, 1, 1, 1, 1, 1, 1, 1, 2, 2, 2, 4, 4, 4, 4, 4, 4, 4, 4, 0]"
136," I started sharing my techniques  with my coworkers, friends, and family .","[1, 1, 1, 1, 1, 3, 3, 3, 3, 3, 3, 0]"
137, I found that many of them were experiencing the same difficulties  that I had .,"[0, 0, 0, 1, 1, 1, 1, 1, 1, 1, 1, 2, 2, 2, 0]"
138, I showed them  how to apply these methods  to their own lives .,"[1, 1, 1, 2, 2, 2, 2, 2, 3, 3, 3, 3, 0]"
139," And I explained  how it can help them  in their education, career, and personal development.","[0, 1, 1, 2, 2, 2, 2, 2, 3, 3, 3, 3, 3, 3, 3]"
140, I found out that my methods dont work  for everyone .,"[0, 0, 0, 0, 1, 1, 1, 1, 3, 3, 0]"
141," Traditional methods , such as reading or listening to lectures , are effective  for some people.","[1, 1, 0, 3, 3, 3, 3, 3, 3, 3, 0, 1, 1, 3, 3, 3]"
142," However, people have different ways  to learn .","[0, 1, 1, 1, 1, 4, 4, 0]"
143, I agree that subjects  like mathematics and physics  require different approaches .,"[0, 0, 0, 1, 3, 3, 3, 3, 1, 1, 1, 0]"
144, They require more theoretical understanding  that can be achieved  through reading and listening.,"[1, 1, 1, 1, 1, 2, 2, 2, 2, 3, 3, 3, 3]"
145," Additionally, some people  who are shy  may find it harder  to ask questions .","[0, 1, 1, 2, 2, 2, 1, 1, 1, 1, 4, 4, 4, 0]"
146," Therefore, people need to find their own learning method  to be effective .","[0, 1, 1, 1, 1, 1, 1, 1, 1, 4, 4, 4, 0]"
147, I was an extroverted girl  who always spent time with others .,"[1, 1, 1, 1, 1, 2, 2, 2, 2, 2, 2, 0]"
148, But moving to a new city  with my family  significantly changed my life .,"[0, 1, 1, 1, 1, 1, 3, 3, 3, 1, 1, 1, 1, 0]"
149, I was stressed  from moving into a new place  where I don’t know a single person .,"[1, 1, 1, 3, 3, 3, 3, 3, 3, 2, 2, 2, 2, 2, 2, 2, 0]"
150, And I began to develop unhealthy eating habits  that affected my wellbeing .,"[0, 1, 1, 1, 1, 1, 1, 1, 2, 2, 2, 2, 0]"
151," Often, I found myself reminiscing about the past  when I used to hang out with my old friends .","[0, 1, 1, 1, 1, 1, 1, 1, 2, 2, 2, 2, 2, 2, 2, 2, 2, 2, 0]"
152," After a while , my mother noticed that I was not doing well .","[3, 3, 3, 0, 0, 0, 0, 0, 1, 1, 1, 1, 1, 0]"
153," Then, she gave me the most valuable advice  that I still cannot forget .","[0, 1, 1, 1, 1, 1, 1, 1, 2, 2, 2, 2, 2, 0]"
154, I  became an introvert  who cant even go shopping .,"[1, 1, 1, 1, 2, 2, 2, 2, 2, 0]"
155, The stress of this transition caused me to gain a lot of weight  without stopping .,"[1, 1, 1, 1, 1, 1, 1, 1, 1, 1, 1, 1, 1, 3, 3, 0]"
156, The moment  when I realized I had become an introvert  was my senior year of high school .,"[1, 1, 2, 2, 2, 2, 2, 2, 2, 2, 1, 1, 1, 1, 1, 1, 1, 0]"
157," When Im with my classmates , I can not focus solely on one thing .","[2, 2, 2, 2, 2, 0, 1, 1, 1, 1, 1, 1, 1, 1, 0]"
158, And Id be out of energy  if I didnt take a break  to be alone .,"[0, 1, 1, 1, 1, 1, 2, 2, 2, 2, 2, 2, 4, 4, 4, 0]"
159," So, I practiced exercise and meditation  to feel calm and fulfilled .","[0, 1, 1, 1, 1, 1, 4, 4, 4, 4, 4, 0]"
160, My mothers demand  that I should make new friends  at school  as soon as possible  overwhelmed me.,"[1, 1, 1, 2, 2, 2, 2, 2, 2, 3, 3, 3, 3, 3, 3, 1, 1]"
161, There would not be any problems  if she let me figure it out  at my own pace .,"[1, 1, 1, 1, 1, 1, 2, 2, 2, 2, 2, 2, 2, 3, 3, 3, 3, 0]"
162," Because of this event , Ive become someone  who lives in the past  all of the time.","[3, 3, 3, 3, 0, 1, 1, 1, 2, 2, 2, 2, 2, 3, 3, 3, 3]"
163, I assume that my life  in the old city  was better  than in the new one .,"[0, 0, 0, 1, 1, 3, 3, 3, 3, 1, 1, 3, 3, 3, 3, 3, 0]"
164, This event  during my teenage years  had an impact on my later life as well .,"[1, 1, 3, 3, 3, 3, 1, 1, 1, 1, 1, 1, 1, 0, 0, 0]"
165, Its difficult  for me  to make connections  to advance my career .,"[1, 1, 3, 3, 4, 4, 4, 4, 4, 4, 4, 0]"
166," Now, I just wish I could be an ambivert  who can fit in both worlds .","[0, 1, 1, 1, 1, 1, 1, 1, 1, 3, 3, 3, 3, 3, 3, 0]"
167, Practicing gratitude is also one way  to become happy.,"[1, 1, 1, 1, 1, 1, 4, 4, 4]"
168, It’s impossible  to feel grateful and be unhappy  at the same time.,"[1, 1, 4, 4, 4, 4, 4, 4, 3, 3, 3, 3]"
169," To practice mindfulness,  you can start  by removing things  that distract you from your environment like social media, TV, and radio.","[4, 4, 4, 1, 1, 1, 3, 3, 3, 2, 2, 2, 2, 2, 2, 3, 3, 3, 3, 3, 3]"
170, The next step is quieting your thoughts  that stay  at the back of your head.,"[1, 1, 1, 1, 1, 1, 1, 2, 2, 3, 3, 3, 3, 3, 3]"
171," Instead, trying to focus on your breath will distract you  from your thoughts .","[0, 1, 1, 1, 3, 3, 3, 1, 1, 1, 3, 3, 3, 0]"
172, Doing some exercise  to feel your body is good.,"[1, 1, 1, 4, 4, 4, 4, 1, 1]"
173," When you go for a walk  in nature,  you can try to observe the sights and sounds of your surroundings.","[2, 2, 2, 3, 3, 3, 3, 3, 1, 1, 1, 1, 1, 1, 1, 1, 1, 1, 1, 1]"
174, Learning  how to enjoy life  to the fullest is the best skill  that you can master.,"[1, 2, 2, 2, 2, 3, 3, 3, 1, 1, 1, 1, 2, 2, 2, 2]"
175," Being grateful can improve selfesteem, reduce negative emotions  like jealousy, resentment, and helplessness.","[1, 1, 1, 1, 1, 1, 1, 1, 3, 3, 3, 3, 3]"
176," People  who practice gratitude  also tend to take better care of their health, exercise more and sleep better.","[1, 2, 2, 2, 1, 1, 1, 1, 1, 1, 1, 1, 1, 1, 1, 1, 1, 1]"
177," Mindfulness,  which is said to be a good way  to reduce the risk of major depression , should be practiced by everyone.","[1, 2, 2, 2, 2, 2, 2, 2, 2, 4, 4, 4, 4, 4, 4, 4, 0, 1, 1, 1, 3, 3]"
178," Instead of dwelling on your past, allowing yourself to be thankful  for whatever happened  is a form of selfgratitude.","[3, 3, 3, 3, 3, 3, 1, 1, 1, 1, 1, 3, 3, 3, 1, 1, 1, 1, 1]"
179, Theres nothing  that you can do  about the past  except to learn  from it and express your gratitude.,"[1, 1, 2, 2, 2, 2, 3, 3, 3, 3, 3, 3, 3, 3, 3, 3, 3, 3]"
180, The best way to deal with adversity is to practice gratitude.,"[1, 1, 1, 4, 4, 4, 4, 1, 1, 1, 1]"
181, The best way  to enjoy life  comes  from within. ,"[1, 1, 1, 4, 4, 4, 1, 3, 3]"
182, It’s hard  to enjoy life every day  if you never put your own needs as a priority.,"[1, 1, 4, 4, 4, 4, 4, 2, 2, 2, 2, 2, 2, 2, 3, 3, 3]"
183," If you want to feel content and peaceful , you need time  for chill activities  like relaxing and having fun.","[2, 2, 2, 2, 2, 2, 2, 2, 0, 1, 1, 1, 3, 3, 3, 3, 3, 3, 3, 3]"
184," When the next time someone asks you to do something  that you don’t want to do , you should consider saying no.","[2, 2, 2, 2, 2, 2, 2, 2, 2, 2, 2, 2, 2, 2, 2, 2, 0, 1, 1, 1, 1, 1]"
185, You don’t know what will happen in the future.,"[1, 1, 1, 2, 2, 2, 3, 3, 3]"
186, You should be prepared  for the surprises  life will give you .,"[1, 1, 1, 1, 3, 3, 3, 2, 2, 2, 2, 0]"
187, You cannot pour  from an empty cup.,"[1, 1, 1, 3, 3, 3, 3]"
188, The term digital art is used to describe visual art  that is made  with digital tools and technologies.,"[1, 1, 1, 1, 1, 1, 1, 1, 1, 1, 2, 2, 2, 3, 3, 3, 3, 3]"
189, Digital visual art includes 2D visual information  that is displayed  on an electronic visual display.,"[1, 1, 1, 1, 1, 1, 1, 2, 2, 2, 3, 3, 3, 3, 3]"
190, The information can also be mathematically translated  into 3D information  that is viewed through projection.,"[1, 1, 1, 1, 1, 1, 1, 3, 3, 3, 2, 2, 2, 3, 3]"
191, The simplest digital art is 2D computer graphics  which reflect how you draw  by using a pencil and a piece of paper.,"[1, 1, 1, 1, 1, 1, 1, 1, 2, 2, 2, 2, 2, 3, 3, 3, 3, 3, 3, 3, 3, 3]"
192, The screen becomes a window  into a virtual environment.,"[1, 1, 1, 1, 1, 3, 3, 3, 3]"
193, 3D computer graphics use vector graphics to create immersive virtual reality . ,"[1, 1, 1, 1, 1, 1, 4, 4, 4, 4, 4, 4]"
194, 3D graphics are created  by the process of imagery  to create threedimensional objects and scenes which are used in various media .,"[1, 1, 1, 1, 3, 3, 3, 3, 3, 4, 4, 4, 4, 4, 4, 2, 2, 2, 2, 2, 2, 0]"
195," Digital brushes can imitate traditional painting tools  such as oil, pastel, and even acrylics  through pixel simulation.","[1, 1, 1, 1, 1, 1, 1, 3, 3, 3, 3, 3, 3, 3, 3, 3, 3]"
196, Users can customize the pixel size  to achieve a unique visual effect  which is not possible  with traditional paintings  on canvas.,"[1, 1, 1, 1, 1, 1, 4, 4, 4, 4, 4, 4, 2, 2, 2, 2, 3, 3, 3, 3, 3]"
197, Artists have used artificial intelligence  to create art  since the 1960s.,"[1, 1, 1, 1, 1, 4, 4, 4, 3, 3, 3]"
198, They used a machine learning framework  that allows two algorithms to compete with each other.,"[1, 1, 1, 1, 1, 1, 2, 2, 2, 2, 2, 2, 3, 3, 3]"
199, Artificial Intelligence generates pictures  that have visual effects  that are similar to traditional fine art.,"[1, 1, 1, 1, 2, 2, 2, 2, 2, 2, 2, 3, 3, 3, 3]"
200, People can use text descriptions  to let AI convert their text  into visual picture content.,"[1, 1, 1, 1, 1, 4, 4, 4, 4, 4, 4, 3, 3, 3, 3]"
201, Some artists can use image generators  to generate their paintings  instead of drawing  from scratch.,"[1, 1, 1, 1, 1, 1, 4, 4, 4, 4, 3, 3, 3, 3, 3]"
202, Digital art is beneficial  as it allows the preservation of history  that could have been destroyed by events  like natural disasters or war.,"[1, 1, 1, 1, 2, 2, 2, 2, 2, 2, 2, 2, 2, 2, 2, 2, 3, 3, 3, 3, 3, 3, 3]"
203," However, the biggest issue  with digital art  is the ownership and copyright.","[0, 1, 1, 1, 3, 3, 3, 1, 1, 1, 1, 1]"
204, It is more challenging  to prove ownership of your digital work  compared to traditional art where you can provide your original sketches and drafts  as proof.,"[1, 1, 1, 1, 4, 4, 4, 4, 4, 4, 4, 3, 3, 3, 3, 2, 2, 2, 2, 2, 2, 2, 2, 2, 3, 3]"
205," Since your work may be posted online , frauds may repost or sell it  as their own.","[2, 2, 2, 2, 2, 2, 2, 0, 1, 1, 1, 1, 1, 1, 3, 3, 3]"
206, Blockchain and NFTs have been associated  with digital art  since the NFT hype.,"[1, 1, 1, 1, 1, 1, 3, 3, 3, 3, 3, 3, 3]"
207, Auction houses and various museums started collaborations with digital artists  by selling their NFTs.,"[1, 1, 1, 1, 1, 1, 1, 3, 3, 3, 3, 3, 3, 3]"
208," Nonetheless, the technology received many criticisms  related to plagiarism and fraud.","[0, 1, 1, 1, 1, 1, 3, 3, 3, 3, 3]"
209, Lacking a clearly defined sense of self makes it harder  to know exactly  what you want.,"[1, 1, 1, 1, 1, 1, 1, 1, 1, 1, 4, 4, 4, 2, 2, 2]"
210, You may end up  struggling  to make any choice at all  if you feel indecisive.,"[1, 1, 1, 1, 1, 4, 4, 4, 4, 4, 4, 2, 2, 2, 2]"
211, Recognizing your own worth starts from your selfimage. ,"[1, 1, 1, 1, 1, 3, 3, 3]"
212," If you do not have a stronger sense of self,  you may get carried away  by other people or circumstances  rather than your own momentum.","[2, 2, 2, 2, 2, 2, 2, 2, 2, 2, 1, 1, 1, 1, 1, 3, 3, 3, 3, 3, 3, 3, 3, 3, 3]"
213, People  who are discontent with themselves  cannot identify the source of their unhappiness .,"[1, 2, 2, 2, 3, 3, 1, 1, 1, 1, 1, 1, 1, 0]"
214, The happiness in small things is the end goal.,"[1, 1, 3, 3, 3, 1, 1, 1, 1]"
215," If you have noticed a pattern of making choices  based on certain factors , you are one step closer to defining yourself.","[2, 2, 2, 2, 2, 2, 2, 2, 2, 3, 3, 3, 3, 0, 1, 1, 1, 1, 1, 3, 3, 3]"
216, A strong sense of self benefits people  for the choices  that they make in life.,"[1, 1, 1, 1, 1, 1, 1, 3, 3, 3, 2, 2, 2, 2, 2]"
217, Believing in your capabilities  helps you achieve your goals.,"[1, 3, 3, 3, 1, 1, 1, 1, 1]"
218, Having a good handle  on your talents  to maximize them in your daytoday life  suggests a healthy sense of self.,"[1, 1, 1, 1, 3, 3, 3, 4, 4, 4, 3, 3, 3, 3, 1, 1, 1, 1, 1, 1]"
219, Being aware of your personal values can go a long way  toward defining your sense of self.,"[1, 1, 1, 1, 1, 1, 1, 1, 1, 1, 1, 3, 3, 3, 3, 3, 3]"
220, Making decisions  that are grounded in your desires and goals  for yourself  reflect a strong selfawareness.,"[1, 1, 2, 2, 2, 3, 3, 3, 3, 3, 3, 3, 1, 1, 1, 1]"
221, It is not uncommon  to have a blurred image of yourself.,"[1, 1, 1, 1, 4, 4, 4, 4, 4, 4, 4]"
222, It does not mean that you are destined  to live your life  without a clear identity.,"[0, 0, 0, 0, 0, 1, 1, 1, 4, 4, 4, 4, 3, 3, 3, 3]"
223," Although knowing who you are may not be enough , it’s a good start.","[2, 2, 2, 2, 2, 2, 2, 2, 2, 0, 1, 1, 1, 1]"
224, It may seem safer and more beneficial  to reshape yourself into someone  who’s more easily accepted  by the majority. ,"[1, 1, 1, 1, 1, 1, 1, 4, 4, 4, 3, 3, 2, 2, 2, 2, 3, 3, 3]"
225, Children  who grew up earning criticism or punishment  from their primary caregivers  are most likely to neglect their internal sense of self. ,"[1, 2, 2, 2, 2, 2, 2, 2, 3, 3, 3, 3, 1, 1, 1, 4, 4, 4, 4, 4, 4, 4]"
226," Instead of holding on to your sense of self,  shifting your identity to better fit in  with multiple groups  makes you adopt the role of a social chameleon.","[3, 3, 3, 3, 3, 3, 3, 3, 3, 1, 1, 1, 4, 4, 4, 4, 3, 3, 3, 1, 1, 1, 1, 1, 1, 1, 1, 1]"
227, Different selves and  personas can coexist within the same person who defines themselves as an individual.,"[1, 1, 1, 1, 1, 1, 3, 3, 3, 3, 2, 2, 2, 3, 3, 3]"
228, Seeking guidance  from others  does not mean that you lack a sense of self.,"[1, 1, 3, 3, 1, 1, 1, 2, 2, 2, 2, 2, 2, 2]"
229, Failing  to accept your sense of self  could have a negative impact on your emotional health.,"[1, 4, 4, 4, 4, 4, 4, 1, 1, 1, 1, 1, 3, 3, 3, 3]"
230, Financial freedom is having a stable income and to feel in control of your finances.,"[1, 1, 1, 1, 1, 1, 1, 1, 1, 1, 3, 3, 3, 3, 3]"
231, Being on track  to meet your financial goal  is very important  to build your wealth.,"[1, 1, 1, 4, 4, 4, 4, 4, 1, 1, 1, 4, 4, 4, 4]"
232, Financial independence includes adequate money that is stored up  just in case.,"[1, 1, 1, 1, 1, 2, 2, 2, 2, 0, 0, 0]"
233, Those  who have achieved financial freedom  have the resources necessary  to live a particular way of life.,"[1, 2, 2, 2, 2, 2, 1, 1, 1, 1, 4, 4, 4, 4, 4, 4, 4]"
234," From a financial perspective,  having a consistent, dependable income  over the long term  can provide security.","[3, 3, 3, 3, 1, 1, 1, 1, 1, 3, 3, 3, 3, 1, 1, 1]"
235, It’s helpful  to think about  how financial freedom can offer you a sense of adventure. ,"[1, 1, 4, 4, 4, 2, 2, 2, 2, 2, 2, 2, 2, 2, 2]"
236, Defining  what comfort means to you and how it intersects  with your financial goals  is a must.,"[1, 2, 2, 2, 2, 2, 0, 2, 2, 2, 3, 3, 3, 3, 1, 1, 1]"
237," Even though it cannot buy freedom , having enough money ensures your basic needs,  such as food and shelter.","[2, 2, 2, 2, 2, 2, 0, 1, 1, 1, 1, 1, 1, 1, 3, 3, 3, 3, 3]"
238, It also gives you the freedom  to choose  what you want to do and when you want to do it.,"[1, 1, 1, 1, 1, 1, 4, 4, 2, 2, 2, 2, 2, 0, 2, 2, 2, 2, 2, 2]"
239," If you have enough money,  you can choose to quit an exhausting job .","[2, 2, 2, 2, 2, 1, 1, 1, 1, 1, 1, 1, 1, 0]"
240, Having enough money offers you more flexibility for lifetime. ,"[1, 1, 1, 1, 1, 1, 1, 3, 3]"
241," No matter where you are , you should learn to recognize opportunities .","[2, 2, 2, 2, 2, 0, 1, 1, 1, 1, 1, 1, 0]"
242, Some people work hard and save heavily  for early retirement.,"[1, 1, 1, 1, 1, 1, 1, 3, 3, 3]"
243, Riches are constantly on the lookout  for new investment opportunities.,"[1, 1, 1, 3, 3, 3, 3, 3, 3, 3]"
244," If you are struggling  to make ends meet , money will only temporarily make you happy.","[2, 2, 2, 2, 4, 4, 4, 4, 0, 1, 1, 1, 1, 1, 1, 1]"
245, Having enough money  to cover all of ones basic needs  wont guarantee happiness  for everyone.,"[1, 1, 1, 4, 4, 4, 4, 4, 4, 4, 1, 1, 1, 3, 3]"
246, Rich people frequently appear  in the media  to describe  how their quest of wealth made them feel more empty.,"[1, 1, 1, 1, 3, 3, 3, 4, 4, 2, 2, 2, 2, 2, 2, 2, 2, 2, 2]"
247, You can explore what is important to you  with or without money.,"[1, 1, 1, 1, 1, 1, 1, 1, 3, 3, 3, 3]"
248, A wise person should have the ways to make money  in their head .,"[1, 1, 1, 1, 1, 1, 1, 1, 1, 1, 3, 3, 3, 0]"
249, Being compensated  for your labor  does not always imply  that you have made good use of your time.,"[1, 1, 3, 3, 3, 1, 1, 1, 1, 2, 2, 2, 2, 2, 2, 2, 2, 2]"
250, Money is not a cure for all of life’s problems. ,"[1, 1, 1, 1, 1, 3, 3, 3, 3, 3]"
251, There is no agreedupon definition of  what participation is.,"[1, 1, 1, 1, 1, 1, 2, 2, 2]"
252," However, it is frequently suggested that it is centered  on engaging  in social activities  that allow for interpersonal interaction  within a community or culture.","[0, 0, 0, 0, 0, 0, 1, 1, 1, 3, 3, 3, 3, 3, 2, 2, 2, 2, 2, 3, 3, 3, 3, 3]"
253, Terminologies  that are linked to participation  such as social engagement and community participation  are similar to the idea of participation  that is mentioned in here.,"[1, 2, 2, 2, 2, 2, 3, 3, 3, 3, 3, 3, 3, 1, 1, 3, 3, 3, 3, 3, 2, 2, 2, 2, 2]"
254, The right to political participation refers to the obligation to grant citizens rights.,"[1, 1, 1, 1, 1, 1, 1, 1, 1, 4, 4, 4, 4]"
255, These rights are the right  to choose and elect representatives.,"[1, 1, 1, 1, 1, 4, 4, 4, 4, 4]"
256," Everyone has the right  to take part in social, religious, and social activities  as long as they dont conflict  with the rights of others .","[1, 1, 1, 1, 4, 4, 4, 3, 3, 3, 3, 3, 3, 2, 2, 2, 2, 2, 2, 3, 3, 3, 3, 3, 0]"
257, The right  to vote in elections  must be regulated  by legislation.,"[1, 1, 4, 4, 3, 3, 1, 1, 1, 3, 3]"
258," As societies and technologies evolve,  the ways and means  that citizens use  to participate  also evolves.","[2, 2, 2, 2, 2, 1, 1, 1, 1, 2, 2, 2, 4, 4, 1, 1]"
259, Restricting the right  to vote  based on a physical impairment  is unreasonable.,"[2, 2, 2, 4, 4, 3, 3, 3, 3, 3, 1, 1]"
260, A person may be required to join professional associations  which are established  to ensure a certain standard of performance  such as medical or lawyers’ association .,"[1, 1, 1, 1, 1, 1, 1, 1, 1, 2, 2, 2, 2, 2, 2, 2, 2, 2, 2, 3, 3, 3, 3, 3, 3, 0]"
261, A person cannot often be made to join an organization  against their will.,"[1, 1, 1, 1, 1, 1, 1, 1, 1, 1, 3, 3, 3]"
262," However,  associations  that are necessary  for the functioning of democratic society  are exceptions.","[0, 1, 2, 2, 2, 3, 3, 3, 3, 3, 3, 1, 1]"
263, Laws  that require official recognition of associations  for registration  cannot restrict the right  to associate.,"[1, 2, 2, 2, 2, 2, 2, 3, 3, 1, 1, 1, 1, 4, 4]"
264," The right  to vote  may only be subject to reasonable limitations,  such as a minimum voting age.","[1, 1, 4, 4, 1, 1, 1, 1, 1, 1, 1, 3, 3, 3, 3, 3, 3]"
265, An outcast is someone  who is rejected or cast out from home or society .,"[1, 1, 1, 1, 2, 2, 2, 2, 2, 2, 3, 3, 3, 3, 0]"
266, Children’s right to participation  that significantly affects their lives has never been well supported.,"[1, 1, 1, 1, 2, 2, 2, 2, 2, 1, 1, 1, 1, 1]"
267, The right  to strike is closely tied to the freedom of association.,"[1, 1, 4, 4, 1, 1, 1, 1, 1, 1, 1, 1]"
268, One of the most crucial tools  that people use to defend their interests  is the ability  to go on strike.,"[1, 1, 1, 1, 1, 1, 2, 2, 2, 2, 2, 2, 2, 1, 1, 1, 4, 4, 4, 4]"
269," However,  this power must be used in accordance  with any applicable national laws.","[0, 1, 1, 1, 1, 1, 3, 3, 3, 3, 3, 3, 3]"
270," Depending on their age , older people’s social participation varies.","[3, 3, 3, 3, 0, 1, 1, 1, 1, 1]"
271, Not all adults engage in or need to engage in every form of participation.,"[1, 1, 1, 1, 1, 1, 1, 1, 1, 3, 3, 3, 3, 3]"
272,  It has been a few months  since we last spoke  on the phone .,"[1, 1, 1, 1, 1, 1, 2, 2, 2, 2, 3, 3, 3, 0]"
273,  I arrived in Tokyo  later than I expected  due to adverse weather conditions .,"[1, 1, 1, 1, 3, 3, 3, 3, 3, 3, 3, 3, 3, 0]"
274, I am trying to adapt  to the culture .,"[1, 1, 1, 1, 1, 3, 3, 3, 0]"
275," However, learning a culture  that is different  from your own  is hard .","[0, 1, 1, 1, 2, 2, 2, 3, 3, 3, 1, 1, 0]"
276, I have a hard time communicating  with people  because the Japanese do not speak much English.,"[1, 1, 1, 1, 1, 1, 3, 3, 2, 2, 2, 2, 2, 2, 0, 0]"
277," Fortunately, my roommate  who grew up in Scotland  speaks English fluently .","[0, 1, 1, 3, 3, 3, 3, 3, 1, 1, 1, 0]"
278, Perhaps you could come to visit  when I take a vacation  in the spring .,"[0, 1, 1, 1, 1, 1, 2, 2, 2, 2, 2, 3, 3, 3, 0]"
279, I am so happy that I decided to spend an entire year  in Japan .,"[0, 0, 0, 0, 0, 1, 1, 1, 1, 1, 1, 1, 3, 3, 0]"
280," It is such a beautiful country  that is famous  for many things , including its art and food .","[1, 1, 1, 1, 1, 1, 2, 2, 2, 3, 3, 3, 0, 3, 3, 3, 3, 3, 0]"
281," Actually, I am thinking of traveling to Kyoto  which was the old capital of Japan  because I have an extended weekend coming up","[0, 1, 1, 1, 1, 1, 1, 1, 1, 1, 1, 1, 1, 1, 1, 2, 2, 2, 2, 2, 2, 2, 2]"
282," Even though it is a great country , the cost of living is higher  than most countries .","[2, 2, 2, 2, 2, 2, 2, 0, 1, 1, 1, 1, 1, 1, 3, 3, 3, 0]"
283, Getting a job  that pays decently  is challenging  unless you can speak Japanese fluently .,"[1, 1, 1, 2, 2, 2, 1, 1, 2, 2, 2, 2, 2, 2, 0]"
284," Therefore, my friend  who went through the same thing  recommended me to take evening classes  that focus on speaking skill.","[0, 1, 1, 2, 2, 2, 2, 2, 2, 1, 1, 1, 1, 1, 1, 2, 2, 2, 2, 2]"
285," Actually, I think that I have been getting much better  at speaking Japanese  since I started taking them .","[0, 0, 0, 0, 1, 1, 1, 1, 1, 1, 3, 3, 3, 2, 2, 2, 2, 2, 0]"
286," If you are planning a trip  to Japan , here are some rules  that you should be aware of .","[2, 2, 2, 2, 2, 2, 3, 3, 0, 1, 1, 1, 1, 2, 2, 2, 2, 2, 2, 0]"
287, I know from past experience that it is better  to keep your voice down  when you are on public transportation.,"[0, 0, 0, 0, 0, 0, 1, 1, 1, 4, 4, 4, 4, 4, 2, 2, 2, 2, 2, 2]"
288, I spoke  on the phone once because of a work emergency .,"[1, 1, 3, 3, 3, 0, 3, 3, 3, 3, 3, 0]"
289, But everyone  in the train  was staring at me  as if I had done something wrong .,"[0, 1, 3, 3, 3, 1, 1, 1, 1, 2, 2, 2, 2, 2, 2, 2, 0]"
290," Moreover, unlike in the US , Japan does not have a tipping culture  that is common  in Englishspeaking countries.","[0, 3, 3, 3, 3, 0, 1, 1, 1, 1, 1, 1, 1, 2, 2, 2, 3, 3, 3]"
291, There is more  that you should know  about the culture  before you come here .,"[1, 1, 1, 2, 2, 2, 2, 3, 3, 3, 2, 2, 2, 2, 0]"
292," Anyway, moving to Japan was not as good an idea  as I thought. ","[0, 1, 1, 1, 1, 1, 1, 1, 1, 1, 2, 2, 2]"
293,  I was a small sixyearold  who loved painting  when I started school .,"[1, 1, 1, 1, 1, 2, 2, 2, 2, 2, 2, 2, 0]"
294, I was excited  about my first day  because I had never gone to school  before .,"[1, 1, 1, 3, 3, 3, 3, 2, 2, 2, 2, 2, 2, 2, 3, 0]"
295,"  At the school gate , parents  who were hugging their children  were everywhere .","[3, 3, 3, 3, 0, 1, 2, 2, 2, 2, 2, 1, 1, 0]"
296, I waited for a teacher  with the other students  at the school gate .,"[1, 1, 1, 1, 1, 3, 3, 3, 3, 3, 3, 3, 3, 0]"
297," However, I did not talk to them  because I was too nervous .","[0, 1, 1, 1, 1, 1, 1, 2, 2, 2, 2, 2, 0]"
298," During break time , I made friends  with a girl  who is called Lisa .","[3, 3, 3, 0, 1, 1, 1, 3, 3, 3, 2, 2, 2, 2, 0]"
299, I was extremely impressed  with her math skill  because she could count  from 1 to 100 .,"[1, 1, 1, 1, 3, 3, 3, 3, 2, 2, 2, 2, 3, 3, 3, 3, 0]"
300, My first impression of the new high school  that I transferred to  was not good .,"[1, 1, 1, 1, 1, 1, 1, 1, 2, 2, 2, 2, 1, 1, 1, 0]"
301, Everyone  in the class  was staring at me  as if I was from another planet.,"[1, 3, 3, 3, 1, 1, 1, 1, 2, 2, 2, 2, 2, 2, 2]"
302, But I felt better  after a few days  because I made new friends .,"[0, 1, 1, 1, 3, 3, 3, 3, 2, 2, 2, 2, 2, 0]"
303, There are a variety of clubs  that students can attend .,"[1, 1, 1, 1, 1, 1, 2, 2, 2, 2, 0]"
304, I even train  at weekends  to keep fit  because I am a member of the basketball club.,"[1, 1, 1, 3, 3, 4, 4, 4, 2, 2, 2, 2, 2, 2, 2, 2, 2]"
305, Romantic novels  that melt my heart  are the reason  why literature is my favorite subject.,"[1, 1, 2, 2, 2, 2, 1, 1, 1, 2, 2, 2, 2, 2, 2]"
306, I always watch American TV shows  because It is important  to be surrounded  by the language  that you want to learn .,"[1, 1, 1, 1, 1, 1, 2, 2, 2, 2, 4, 4, 4, 3, 3, 3, 2, 2, 2, 2, 2, 0]"
307, I do not like my school  because there are few interesting things  to do.,"[1, 1, 1, 1, 1, 1, 2, 2, 2, 2, 2, 2, 4, 4]"
308, I wish there were a small playground  where I could hang out  with my friends .,"[0, 0, 1, 1, 1, 1, 1, 2, 2, 2, 2, 2, 3, 3, 3, 0]"
309," Furthermore, my chemistry teacher  who has been teaching us  for two years  is not a nice person  because she does not explain things  that I do not understand .","[0, 1, 1, 1, 2, 2, 2, 2, 2, 3, 3, 3, 1, 1, 1, 1, 1, 2, 2, 2, 2, 2, 2, 2, 2, 2, 2, 2, 0]"
310," If she had explained new topics  in a more interesting way , she would have become a great teacher  who made a difference  in our lives.","[2, 2, 2, 2, 2, 2, 3, 3, 3, 3, 3, 0, 1, 1, 1, 1, 1, 1, 1, 2, 2, 2, 2, 3, 3, 3]"
311, I wish there were someone  at school  for assistance  whenever I needed it .,"[0, 0, 1, 1, 1, 3, 3, 3, 3, 2, 2, 2, 2, 0]"
312," Actually, I am thinking of transferring to a new school  where I can attend a sports club.","[0, 1, 1, 1, 1, 1, 1, 1, 1, 1, 2, 2, 2, 2, 2, 2, 2]"
313," Moreover, we are not allowed to use our phones  unless it is break time .","[0, 1, 1, 1, 1, 1, 1, 1, 1, 2, 2, 2, 2, 2, 0]"
314, I love my neighborhood  because it is safe and clean .,"[1, 1, 1, 1, 2, 2, 2, 2, 2, 2, 0]"
315," Because we moved in  a week ago , I don’t know much  about my neighborhood .","[2, 2, 2, 2, 3, 3, 3, 0, 1, 1, 1, 1, 3, 3, 3, 0]"
316, The people  who live next door  seem nice  because they always greet me .,"[1, 1, 2, 2, 2, 2, 1, 1, 2, 2, 2, 2, 2, 0]"
317, I go by myself  because the school is only a tenminute walk away .,"[1, 1, 1, 1, 2, 2, 2, 2, 2, 2, 2, 2, 2, 0]"
318, Most children  in the neighborhood  also go to this school  because of its location .,"[1, 1, 3, 3, 3, 1, 1, 1, 1, 1, 3, 3, 3, 3, 0]"
319," Plus, my parents’ restaurant , which is open 7 days a week , is on my way  to school .","[0, 1, 1, 1, 0, 2, 2, 2, 2, 2, 2, 2, 0, 1, 1, 1, 1, 3, 3, 0]"
320," So, I grab a quick bite there sometimes when I am in a hurry .","[0, 1, 1, 1, 1, 1, 1, 0, 2, 2, 2, 2, 2, 2, 0]"
321, There were not many kids  who were the same age  as me  in my neighborhood  when I was growing up .,"[1, 1, 1, 1, 1, 2, 2, 2, 2, 2, 3, 3, 3, 3, 3, 2, 2, 2, 2, 2, 0]"
322, But I won’t say that it was boring  because my house was in a beautiful location  next to the beach .,"[0, 0, 0, 0, 0, 1, 1, 1, 2, 2, 2, 2, 2, 2, 2, 2, 3, 3, 3, 3, 0]"
323," Therefore, my friends and I used to spend an entire day  on the beach .","[0, 1, 1, 1, 1, 1, 1, 1, 1, 1, 1, 3, 3, 3, 0]"
324, There are several surf schools  where you can learn  how to surf .,"[1, 1, 1, 1, 1, 2, 2, 2, 2, 2, 2, 2, 0]"
325, It took me three months  to learn surfing .,"[1, 1, 1, 1, 1, 4, 4, 4, 0]"
326," In other words, learning to surf is a challenging process  that requires courage .","[0, 0, 0, 1, 1, 1, 1, 1, 1, 1, 2, 2, 2, 2]"
327," However, it is definitely worth time and effort  to try .","[0, 1, 1, 1, 1, 1, 1, 1, 4, 4, 0]"
328, One of the drawbacks of living  in my neighborhood  is traffic.,"[1, 1, 1, 1, 1, 1, 3, 3, 3, 1, 1]"
329, It is quicker  to walk  than to go  by car or bus  because the traffic is terrible .,"[1, 1, 1, 4, 4, 3, 3, 3, 3, 3, 3, 3, 2, 2, 2, 2, 2, 0]"
330," Besides, my neighbor has a huge dog  which barks all night .","[0, 1, 1, 1, 1, 1, 1, 2, 2, 2, 2, 0]"
331," In fact, I could not get to sleep at all last night  because of the dog.","[0, 0, 1, 1, 1, 1, 1, 1, 0, 0, 3, 3, 3, 3, 3, 3]"
332, I know that we do not have to be best friends  with our neighbors .,"[0, 0, 0, 1, 1, 1, 1, 1, 1, 1, 1, 3, 3, 3, 0]"
333, But some of my neighbors  who have known me  for a while  do not even say hello  when we see each other.,"[0, 1, 1, 1, 1, 2, 2, 2, 2, 3, 3, 3, 1, 1, 1, 1, 1, 2, 2, 2, 2, 2]"
334, Friendly greetings are good  for community relations.,"[1, 1, 1, 1, 3, 3, 3]"
335, My coworkers and I decided to stop here  for lunch  because we felt hungry .,"[1, 1, 1, 1, 1, 1, 1, 1, 3, 3, 2, 2, 2, 2, 0]"
336, I heard that the famous chef  who studied in France  works here.,"[0, 0, 0, 1, 1, 1, 2, 2, 2, 2, 1, 1]"
337, We were very impressed  with the wide selection of drinks .,"[1, 1, 1, 1, 3, 3, 3, 3, 3, 3, 0]"
338," Also, the service was excellent and quick  despite the fact that there were six of us .","[0, 1, 1, 1, 1, 1, 1, 2, 2, 2, 2, 2, 2, 2, 2, 2, 0]"
339," Personally, t he steak  that I ordered  was the best  because the meat was beautifully cooked .","[0, 1, 1, 1, 2, 2, 2, 1, 1, 1, 2, 2, 2, 2, 2, 2, 0]"
340," In fact, they use high quality Japanese beef  that is exported  around the world .","[0, 0, 1, 1, 1, 1, 1, 1, 2, 2, 2, 3, 3, 3, 0]"
341, I am sure that this place will be busier  than other restaurants in no time.,"[0, 0, 0, 0, 1, 1, 1, 1, 1, 3, 3, 3, 0, 0, 0]"
342," We ended up at Greyseed restaurant  which is famous  for its delicious dishes, friendly staff and extensive beverage list .","[1, 1, 1, 1, 1, 1, 2, 2, 2, 3, 3, 3, 3, 3, 3, 3, 3, 3, 3, 0]"
343," Even though the restaurant was full , they got our table ready  in a minute .","[2, 2, 2, 2, 2, 2, 0, 1, 1, 1, 1, 1, 3, 3, 3, 0]"
344, We were greeted by a woman  behind a bar  who let us sample some beers  before we made our choices .,"[1, 1, 1, 1, 1, 1, 3, 3, 3, 2, 2, 2, 2, 2, 2, 2, 2, 2, 2, 2, 0]"
345," I ordered fried chicken  with honey , whereas my friends had pasta .","[1, 1, 1, 1, 3, 3, 0, 2, 2, 2, 2, 2, 0]"
346, The chicken  that I ordered  was fresh and delicious .,"[1, 1, 2, 2, 2, 1, 1, 1, 1, 0]"
347," Plus, it came in generous portions  for a pretty low price .","[0, 1, 1, 1, 1, 1, 3, 3, 3, 3, 3, 0]"
348," For me , the service and friendliness of all the staff were wonderful .","[3, 3, 0, 1, 1, 1, 1, 1, 1, 1, 1, 1, 1, 0]"
349, We decided to go in  because the restaurant looked attractive  from the outside .,"[1, 1, 1, 1, 1, 2, 2, 2, 2, 2, 3, 3, 3, 0]"
350," At first, I thought that the restaurant would be nice  since it was in a good location.","[0, 0, 0, 0, 0, 1, 1, 1, 1, 1, 2, 2, 2, 2, 2, 2, 2]"
351," However, not only was the food awful , but the price was also very steep .","[0, 2, 2, 2, 2, 2, 2, 0, 1, 1, 1, 1, 1, 1, 1, 0]"
352, My partner  who ordered a large pizza  got a small one .,"[1, 1, 2, 2, 2, 2, 2, 1, 1, 1, 1, 0]"
353, I ordered a burrito  which had only a few tiny bits of beef .,"[1, 1, 1, 1, 2, 2, 2, 2, 2, 2, 2, 2, 2, 0]"
354," Also, people  who were sitting next to us  were laughing loudly .","[0, 1, 2, 2, 2, 2, 2, 2, 1, 1, 1, 0]"
355," Even though I complained to the manager  who welcomed us , he did not offer a refund .","[2, 2, 2, 2, 2, 2, 2, 2, 2, 2, 0, 1, 1, 1, 1, 1, 1, 0]"
356, It is challenging  to have free time  while doing a fulltime job .,"[1, 1, 1, 4, 4, 4, 4, 2, 2, 2, 2, 2, 0]"
357," My friend Lisa , who works at an investment bank , is the busiest person  who I know .","[1, 1, 1, 0, 2, 2, 2, 2, 2, 2, 0, 1, 1, 1, 1, 2, 2, 2, 0]"
358," In her free time , she usually takes her dog  for a walk .","[3, 3, 3, 3, 0, 1, 1, 1, 1, 1, 3, 3, 3, 0]"
359," If there is a chance , she goes out with her friends  for a drink .","[2, 2, 2, 2, 2, 0, 1, 1, 1, 1, 1, 1, 3, 3, 3, 0]"
360, The restaurant  that she loves to go to  is LaRosa .,"[1, 1, 2, 2, 2, 2, 2, 2, 1, 1, 0]"
361," Plus, she loves watching movies  where Tom Cruise is starring .","[0, 1, 1, 1, 1, 2, 2, 2, 2, 2, 0]"
362, He is a terrific actor  who performs his own stunts .,"[1, 1, 1, 1, 1, 2, 2, 2, 2, 2, 0]"
363, Teenagers  who complain about getting bored or having nothing  to do  are the worst .,"[1, 2, 2, 2, 2, 2, 2, 2, 2, 4, 4, 1, 1, 1, 0]"
364," To be honest, I do not understand  why they say that.","[0, 0, 0, 1, 1, 1, 1, 2, 2, 2, 2]"
365," Unlike them , I never get bored .","[3, 3, 0, 1, 1, 1, 1, 0]"
366," If the weather is nice , my friend and I play soccer  in the park .","[2, 2, 2, 2, 2, 0, 1, 1, 1, 1, 1, 1, 3, 3, 3, 0]"
367," Also, those  who know  how to play any musical instrument  never have time  to get bored .","[0, 1, 2, 2, 2, 2, 2, 2, 2, 2, 1, 1, 1, 4, 4, 4, 0]"
368, It is a pity that many teenagers live their lives  on social media  like Facebook or Instagram.,"[0, 0, 0, 0, 0, 1, 1, 1, 1, 1, 3, 3, 3, 3, 3, 3, 3]"
369," Instead, they better make real friends  who have common interests .","[0, 1, 1, 1, 1, 1, 2, 2, 2, 2, 0]"
370, My friends and I plan to do something together  at the weekend .,"[1, 1, 1, 1, 1, 1, 1, 1, 1, 3, 3, 3, 0]"
371," Even though we talked about things  that we enjoy doing , we still can’t decide what we want to do .","[2, 2, 2, 2, 2, 2, 2, 2, 2, 2, 0, 1, 1, 1, 1, 1, 1, 1, 1, 1, 0]"
372, All my friends  who like traveling  except Lisa  suggested a boat trip .,"[1, 1, 1, 2, 2, 2, 3, 3, 1, 1, 1, 1, 0]"
373," For some reason, she gets seasick  whenever she gets on a boat .","[0, 0, 0, 1, 1, 1, 2, 2, 2, 2, 2, 2, 0]"
374, It took us days  to figure out  what we wanted to do .,"[1, 1, 1, 1, 4, 4, 4, 2, 2, 2, 2, 2, 0]"
375, None of us expected that it would be this hard  to find a place  to spend the weekend .,"[0, 0, 0, 0, 0, 1, 1, 1, 1, 1, 4, 4, 4, 4, 4, 4, 4, 4, 0]"
376," Eventually, we decided to go to Tom’s beach house  because his family invited us  to stay with them  for the weekend .","[0, 1, 1, 1, 1, 1, 1, 1, 1, 2, 2, 2, 2, 2, 4, 4, 4, 4, 3, 3, 3, 0]"
377, Japan is one of the leading countries  in the artificial intelligence AI field .,"[1, 1, 1, 1, 1, 1, 1, 3, 3, 3, 3, 3, 3, 0]"
378, This island country  with a population of more than 120 million  has a strong research community.,"[1, 1, 1, 3, 3, 3, 3, 3, 3, 3, 3, 1, 1, 1, 1, 1]"
379," Also, they have a welldeveloped technology sector  that has helped them become an early adopter of AI in various industries.","[0, 1, 1, 1, 1, 1, 1, 2, 2, 2, 2, 2, 2, 2, 2, 2, 2, 2, 2, 2]"
380," Japanese companies , such as Panasonic, Sony, and Toshiba , have been  at the forefront of AI development.","[1, 1, 0, 3, 3, 3, 3, 3, 3, 0, 1, 1, 3, 3, 3, 3, 3, 3]"
381, They have introduced several innovative products and services  in the last few years.,"[1, 1, 1, 1, 1, 1, 1, 1, 3, 3, 3, 3, 3]"
382," Additionally, the Japanese government has recognized the potential of AI  from the very beginning.","[0, 1, 1, 1, 1, 1, 1, 1, 1, 1, 3, 3, 3, 3]"
383, They have been actively promoting its development and adoption  through investments.,"[1, 1, 1, 1, 1, 1, 1, 1, 1, 3, 3]"
384, Income inequality  in Mongolia  has been increasing  since a market economy  in the 1990s .,"[1, 1, 3, 3, 1, 1, 1, 3, 3, 3, 3, 3, 3, 3, 0]"
385, The unequal distribution of wealth  in the country  happens  due to a disproportionate share  which is controlled  by the wealthiest individuals and households.,"[1, 1, 1, 1, 1, 3, 3, 3, 1, 3, 3, 3, 3, 3, 2, 2, 2, 3, 3, 3, 3, 3, 3]"
386," This has led to increasing poverty rates , which have had a significant impact  on rural populations and the elderly.","[1, 1, 1, 1, 1, 1, 1, 0, 2, 2, 2, 2, 2, 2, 3, 3, 3, 3, 3, 3]"
387," Factors  that contribute to income inequality  in Mongolia  include the rapid transition  to a marketbased economy , the exploitation of natural resources, and corruption .","[1, 2, 2, 2, 2, 2, 3, 3, 1, 1, 1, 1, 3, 3, 3, 3, 0, 1, 1, 1, 1, 1, 1, 1, 0]"
388," The government has implemented various measures  to address income inequality , including social safety net programs and tax reforms.","[1, 1, 1, 1, 1, 1, 4, 4, 4, 4, 0, 3, 3, 3, 3, 3, 3, 3, 3]"
389," However, much more needs to be done  to address the root causes of poverty and income inequality  in the country.","[0, 1, 1, 1, 1, 1, 1, 4, 4, 4, 4, 4, 4, 4, 4, 4, 4, 3, 3, 3]"
390, The government needs to implement more effective initiatives  to ensure that the benefits of economic growth are shared equally  among all citizens.,"[1, 1, 1, 1, 1, 1, 1, 1, 4, 4, 4, 4, 4, 4, 4, 4, 4, 4, 4, 3, 3, 3]"
391," Online learning and virtual classrooms  that anyone can join  have made education accessible  to more people , regardless of their location.","[1, 1, 1, 1, 1, 2, 2, 2, 2, 1, 1, 1, 1, 3, 3, 3, 0, 3, 3, 3, 3]"
392," Technology allows  for personalized learning , which enhances the skills and capabilities of students.","[1, 1, 3, 3, 3, 0, 2, 2, 2, 2, 2, 2, 2, 2]"
393, Educational software  that can adapt  to individual student needs and abilities  has made learning more convenient and has enabled new forms of assessment.,"[1, 1, 2, 2, 2, 3, 3, 3, 3, 3, 3, 1, 1, 1, 1, 1, 1, 1, 1, 1, 1, 1, 1]"
394, The use of online exams and gamified learning methods has expanded opportunities  for students  to showcase their knowledge and abilities.,"[1, 1, 1, 1, 1, 1, 1, 1, 1, 1, 1, 1, 3, 3, 3, 3, 3, 3, 3, 3]"
395," Moreover, technology has revolutionized the way  that teachers plan and deliver lessons.","[0, 1, 1, 1, 1, 1, 2, 2, 2, 2, 2, 2]"
396, It has made it possible  to personalize instruction and adapt  to the needs of individual students.,"[1, 1, 1, 1, 1, 4, 4, 4, 4, 4, 3, 3, 3, 3, 3, 3]"
397, The integration of technology  into education  has brought about new forms of learning and assessment  that expanded access to educational opportunities.,"[1, 1, 1, 1, 3, 3, 1, 1, 1, 1, 1, 1, 1, 1, 1, 2, 2, 2, 2, 2, 2]"
398, The field of nanotechnology involves the examination and control of matter  at the nanoscale .,"[1, 1, 1, 1, 1, 1, 1, 1, 1, 1, 1, 3, 3, 3, 0]"
399, Examples of the application of nanotechnology  in the chemical industry  are as follows .,"[1, 1, 1, 1, 1, 1, 3, 3, 3, 3, 1, 1, 1, 0]"
400, Nanoparticle catalysts can enhance the efficiency of chemical reactions and minimize waste  through their unique properties  at the nanoscale.,"[1, 1, 1, 1, 1, 1, 1, 1, 1, 1, 1, 1, 3, 3, 3, 3, 3, 3, 3]"
401," Material properties , such as increased strength, conductivity, and heat resistance , can be enhanced by nanocomposites.","[1, 1, 0, 3, 3, 3, 3, 3, 3, 3, 3, 0, 1, 1, 1, 1, 1]"
402, The development of nanoscale sensors and analytical tools has led to improved chemical analysis and greater control  over processes  through precise and sensitive measurement .,"[1, 1, 1, 1, 1, 1, 1, 1, 1, 1, 1, 1, 1, 1, 1, 1, 1, 3, 3, 3, 3, 3, 3, 3, 0]"
403, Nanotechnology led to the advancement of new drugs and drug delivery systems  that offer improved efficacy and targeted treatment.,"[1, 1, 1, 1, 1, 1, 1, 1, 1, 1, 1, 1, 2, 2, 2, 2, 2, 2, 2]"
404," Nanotechnology has contributed to the development of energy storage devices , including lithiumion batteries and supercapacitors.","[1, 1, 1, 1, 1, 1, 1, 1, 1, 1, 0, 3, 3, 3, 3, 3]"
405, Saving and investing  for retirement  are important steps  in planning for your financial future.,"[1, 1, 1, 3, 3, 1, 1, 1, 3, 3, 3, 3, 3, 3]"
406, They allow you  to have support  during your nonworking years .,"[1, 1, 1, 4, 4, 4, 3, 3, 3, 3, 0]"
407, You can save  through various methods  such as the Stock market or Traditional Savings  which have their own potentials and risks .,"[1, 1, 1, 3, 3, 3, 3, 3, 3, 3, 3, 3, 3, 3, 2, 2, 2, 2, 2, 2, 2, 0]"
408," The goal is enough savings  that cover living expenses, healthcare costs, and other needs  in retirement .","[1, 1, 1, 1, 1, 2, 2, 2, 2, 2, 2, 2, 2, 2, 3, 3, 0]"
409, There are many factors  to consider  when saving and investing  for retirement .,"[1, 1, 1, 1, 4, 4, 2, 2, 2, 2, 3, 3, 0]"
410," The key factors  that you should take into consideration  are age, risk tolerance, and investment goals.","[1, 1, 1, 2, 2, 2, 2, 2, 2, 1, 1, 1, 1, 1, 1, 1]"
411, It is important  to start early  to maximize the growth potential .,"[1, 1, 1, 4, 4, 4, 4, 4, 4, 4, 4, 0]"
412," Various factors , such as government policies, natural disasters, and economic changes , affect Economic growth rates .","[1, 1, 0, 3, 3, 3, 3, 3, 3, 3, 3, 3, 0, 1, 1, 1, 1, 0]"
413, The COVID19 pandemic has had a significant impact  on the global economy .,"[1, 1, 1, 1, 1, 1, 1, 1, 3, 3, 3, 3, 0]"
414, The impact resulted  in a decrease  in the growth rate  for many countries .,"[1, 1, 1, 3, 3, 3, 3, 3, 3, 3, 3, 3, 3, 0]"
415," The metrics  that are used to measure the country’s economic growth rate  are GDP, GNP, and GNI.","[1, 1, 2, 2, 2, 2, 2, 2, 2, 2, 2, 2, 1, 1, 1, 1, 1]"
416, Gross Domestic Product GDP is an abbreviation  that is used to represent the total value of goods and services produced  within a countrys borders .,"[1, 1, 1, 1, 1, 1, 1, 2, 2, 2, 2, 2, 2, 2, 2, 2, 2, 2, 2, 2, 3, 3, 3, 3, 0]"
417," Gross National Product GNP refers to the total value of goods and services  that are produced by a countrys residents , regardless of where they are located .","[1, 1, 1, 1, 1, 1, 1, 1, 1, 1, 1, 1, 1, 2, 2, 2, 2, 2, 2, 2, 0, 3, 3, 3, 3, 3, 3, 0]"
418," Gross National Income GNI is another term  that is used to describe the total income generated by a countrys residents and businesses ,  including both their domestic and foreign income sources.","[1, 1, 1, 1, 1, 1, 1, 2, 2, 2, 2, 2, 2, 2, 2, 2, 2, 2, 2, 2, 2, 2, 0, 3, 3, 3, 3, 3, 3, 3, 3]"
419," Pfizer , which is renowned  for its solid financial track record ,  is the pharmaceutical company  with impressive stock market performance.","[1, 0, 2, 2, 2, 3, 3, 3, 3, 3, 3, 0, 1, 1, 1, 1, 3, 3, 3, 3, 3]"
420, Their success  in developing a COVID19 vaccine  was also influenced  by these factors .,"[1, 1, 3, 3, 3, 3, 3, 1, 1, 1, 3, 3, 3, 0]"
421, Modernas stock has also performed well  in the market.,"[1, 1, 1, 1, 1, 1, 3, 3, 3]"
422, Its role positions them  as another key player  in the COVID19 vaccine market.,"[1, 1, 1, 1, 3, 3, 3, 3, 3, 3, 3, 3, 3]"
423," Alphabet , which is the parent company of Google , provides internetrelated services and products.","[1, 0, 2, 2, 2, 2, 2, 2, 2, 0, 1, 1, 1, 1, 1]"
424," Apple and Microsoft , which are giant technology companies , produce a variety of consumer electronics and computer software products.","[1, 1, 1, 0, 2, 2, 2, 2, 2, 0, 1, 1, 1, 1, 1, 1, 1, 1, 1, 1]"
425, They are both tech giants  with a long history of solid stock performance.,"[1, 1, 1, 1, 1, 3, 3, 3, 3, 3, 3, 3, 3]"
426, Rita Hayworth and Shawshank Redemption  which are directed by Stephen King  are the novellas  on which the movie is based.,"[1, 1, 1, 1, 1, 2, 2, 2, 2, 2, 2, 1, 1, 1, 2, 2, 2, 2, 2, 2]"
427, The movie shows the efforts of fellow inmate Ellis  who tries to overcome corruption.,"[1, 1, 1, 1, 1, 1, 1, 1, 1, 2, 2, 2, 2, 2]"
428," The Shawshank Redemption,  which is widely regarded as one of the greatest films of all time , is truly a masterpiece .","[1, 1, 1, 2, 2, 2, 2, 2, 2, 2, 2, 2, 2, 2, 2, 2, 0, 1, 1, 1, 1, 0]"
429," It has been nominated for several awards , including seven Oscar nominations .","[1, 1, 1, 1, 1, 1, 1, 0, 3, 3, 3, 3, 0]"
430," The film’s high praise is attributed  to its exceptional performances, compelling story, and thoughtprovoking themes.","[1, 1, 1, 1, 1, 1, 3, 3, 3, 3, 3, 3, 3, 3, 3]"
431, The Shawshank Redemption is a cinematic masterpiece  that has touched the hearts of millions.,"[1, 1, 1, 1, 1, 1, 1, 2, 2, 2, 2, 2, 2, 2]"
432," Overall, The Shawshank Redemption is a timeless classic  that continues to captivate and inspire audiences  around the world .","[0, 1, 1, 1, 1, 1, 1, 1, 2, 2, 2, 2, 2, 2, 2, 3, 3, 3, 0]"
433, The most effective tool  for preventing infectious diseases  is a vaccine.,"[1, 1, 1, 1, 3, 3, 3, 3, 1, 1, 1]"
434," The science  behind vaccines  is based on the principles of immunology , which is the study of the bodys immune system.","[1, 1, 3, 3, 1, 1, 1, 1, 1, 1, 1, 0, 2, 2, 2, 2, 2, 2, 2, 2, 2]"
435, Vaccines contain weakened or dead versions of a virus or bacteria or parts of the virus  that stimulate the bodys immune system  to build immunity  against the disease.,"[1, 1, 1, 1, 1, 1, 1, 1, 1, 1, 1, 1, 1, 1, 1, 1, 2, 2, 2, 2, 2, 2, 4, 4, 4, 3, 3, 3]"
436," If a person is later exposed  to the actual disease , their immune system is able to recognize and fight off the pathogen.","[2, 2, 2, 2, 2, 2, 3, 3, 3, 3, 0, 1, 1, 1, 1, 1, 1, 1, 1, 1, 1, 1, 1]"
437, The presence of a weakened form of the disease  through vaccination  has already resulted  in immunity  to a similar strain.,"[1, 1, 1, 1, 1, 1, 1, 1, 1, 3, 3, 1, 1, 1, 3, 3, 3, 3, 3, 3]"
438, Different types of vaccines work  in different ways.,"[1, 1, 1, 1, 1, 3, 3, 3]"
439, This is  why it is important  to receive booster shots of some vaccines  to maintain immunity.,"[1, 1, 2, 2, 2, 2, 4, 4, 4, 4, 4, 4, 4, 4, 4, 4]"
440," Dear Bold,","[1, 1]"
441, Thank you  for your email .,"[1, 1, 3, 3, 3, 0]"
442," I completely understand the importance of timely product delivery , especially in light of the recent tax policy changes .","[1, 1, 1, 1, 1, 1, 1, 1, 1, 0, 0, 3, 3, 3, 3, 3, 3, 3, 3, 0]"
443, I appreciate your concern  regarding the shipment date  and can confirm  that we will ensure the products are shipped before the 15th of October to avoid any extra costs.,"[1, 1, 1, 1, 3, 3, 3, 3, 1, 1, 1, 2, 2, 2, 2, 0, 0, 0, 0, 0, 0, 0, 0, 0, 0, 0, 0, 0, 0]"
444, We understand the importance of meeting the deadline and will do everything possible  to make sure that it is met .,"[1, 1, 1, 1, 1, 1, 1, 1, 1, 1, 1, 1, 1, 4, 4, 4, 4, 4, 4, 4, 0]"
445, We have been closely monitoring our production and delivery schedule  to avoid any potential delays .,"[1, 1, 1, 1, 1, 1, 1, 1, 1, 1, 4, 4, 4, 4, 4, 0]"
446," If any unexpected issues arise , we will communicate them  and work with you  to resolve them  as soon as possible.","[2, 2, 2, 2, 2, 0, 1, 1, 1, 1, 1, 1, 1, 1, 4, 4, 4, 3, 3, 3, 3]"
447, Thank you  for your offer of assistance .,"[1, 1, 3, 3, 3, 3, 3, 0]"
448, We will certainly keep you informed  if there are any further concerns or if we require any additional information from your end .,"[1, 1, 1, 1, 1, 1, 2, 2, 2, 2, 2, 2, 0, 2, 2, 2, 2, 2, 2, 3, 3, 3, 0]"
449," Dear Bold ,","[1, 1, 0]"
450, Thank you  for your email .,"[1, 1, 3, 3, 3, 0]"
451," However, I must respectfully disagree with the information  regarding the shipment date .","[0, 1, 1, 1, 1, 1, 1, 1, 3, 3, 3, 3, 0]"
452," As you are aware , we discussed the timeline  for the shipment date of products  at the time of your order . ","[2, 2, 2, 2, 0, 1, 1, 1, 1, 3, 3, 3, 3, 3, 3, 3, 3, 3, 3, 3, 3, 0]"
453, And we had agreed upon a shipment date .,"[0, 1, 1, 1, 1, 1, 1, 1, 0]"
454," While we understand the concerns  regarding the tax policy , we can’t help with the situation  that we have no control over .","[2, 2, 2, 2, 2, 3, 3, 3, 3, 0, 1, 1, 1, 1, 1, 1, 2, 2, 2, 2, 2, 2, 0]"
455," Moreover, rushing the shipment process may lead to quality issues or other unforeseen problems  that could ultimately delay the delivery of your products .","[0, 1, 1, 1, 1, 1, 1, 1, 1, 1, 1, 1, 1, 1, 2, 2, 2, 2, 2, 2, 2, 2, 2, 0]"
456, I want to assure you that we take our commitment  to timely delivery  seriously  and will do everything  that we can to ensure  that your products are delivered  as soon as possible .,"[0, 0, 0, 0, 0, 0, 1, 1, 1, 1, 3, 3, 3, 1, 1, 1, 1, 1, 2, 2, 2, 2, 2, 2, 2, 2, 2, 2, 3, 3, 3, 3, 0]"
457," However, I am unable  to guarantee  that they will be shipped  before October 15th .","[0, 1, 1, 1, 4, 4, 2, 2, 2, 2, 2, 3, 3, 3, 0]"
458, Please feel free to contact me  if you have any questions .,"[1, 1, 1, 1, 1, 1, 2, 2, 2, 2, 2, 0]"
459, My husband’s mother suffered a stroke  when he was a child .,"[1, 1, 1, 1, 1, 1, 2, 2, 2, 2, 2, 0]"
460, His father is the person  who my husband hates the most .,"[1, 1, 1, 1, 1, 2, 2, 2, 2, 2, 2, 0]"
461, He left them  in a difficult situation .,"[1, 1, 1, 3, 3, 3, 3, 0]"
462," At the same time , I was trying to handle my parents  who didn’t support my dreams .","[0, 0, 0, 0, 0, 1, 1, 1, 1, 1, 1, 1, 2, 2, 2, 2, 2, 0]"
463, They didnt appreciate the fact  that I would have a positive impact  on the world  by working in the fashion industry .,"[1, 1, 1, 1, 1, 2, 2, 2, 2, 2, 2, 2, 3, 3, 3, 3, 3, 3, 3, 3, 3, 0]"
464," Hence, I couldn’t help but pay my own tuition fee  by working three jobs .","[0, 1, 1, 1, 1, 1, 1, 1, 1, 1, 3, 3, 3, 3, 0]"
465, We are both on the same page  in the way  that we have trouble  with our parents.,"[1, 1, 1, 1, 1, 1, 1, 3, 3, 3, 2, 2, 2, 2, 3, 3, 3]"
466," Jack , who was always fascinated  by the stories of travelers , spent hours reading books  about different countries and customs.","[1, 0, 2, 2, 2, 2, 3, 3, 3, 3, 3, 0, 1, 1, 1, 1, 3, 3, 3, 3, 3]"
467, There was a famous man  who traveled the world .,"[1, 1, 1, 1, 1, 2, 2, 2, 2, 0]"
468," His TV show , which aired every week , showcased the beauty of nature and the diversity of people  around the world .","[1, 1, 1, 0, 2, 2, 2, 2, 0, 1, 1, 1, 1, 1, 1, 1, 1, 1, 1, 3, 3, 3, 0]"
469, Jack used to watch his TV show  about traveling .,"[1, 1, 1, 1, 1, 1, 1, 3, 3, 0]"
470, This show was the reason  why Jack started dreaming  about traveling  around the world .,"[1, 1, 1, 1, 1, 2, 2, 2, 2, 3, 3, 3, 3, 3, 0]"
471," Despite having a language barrier , Jack did not let it stop him  from pursuing his passion .","[3, 3, 3, 3, 3, 0, 1, 1, 1, 1, 1, 1, 1, 3, 3, 3, 3, 0]"
472, He found ways  to accomplish things  beyond his limitations .,"[1, 1, 1, 4, 4, 4, 3, 3, 3, 0]"
473, I am a hardworking girl  who is pursuing  to achieve my goals .,"[1, 1, 1, 1, 1, 2, 2, 2, 4, 4, 4, 4, 0]"
474, It is a little embarrassing  to define me as such .,"[1, 1, 1, 1, 1, 4, 4, 4, 4, 4, 0]"
475, But I am from a family  that places a strong emphasis  on education .,"[0, 1, 1, 1, 1, 1, 2, 2, 2, 2, 2, 3, 3, 0]"
476," As I was growing up and getting older , my love  for learning  only grew stronger .","[2, 2, 2, 2, 2, 2, 2, 2, 0, 1, 1, 3, 3, 1, 1, 1, 0]"
477, I knew that my hard work paid off  when I received several scholarship offers  to attend college .,"[0, 0, 0, 1, 1, 1, 1, 1, 2, 2, 2, 2, 2, 2, 4, 4, 4, 0]"
478, I chose a university  that had a strong program  in my desired field of study .,"[1, 1, 1, 1, 2, 2, 2, 2, 2, 3, 3, 3, 3, 3, 3, 0]"
479, And I moved away from home  to start this new chapter  in my life .,"[0, 1, 1, 1, 1, 1, 4, 4, 4, 4, 4, 3, 3, 3, 0]"
480," Infinite players are those  who play  to keep the game going  rather than playing to win , which is far more enjoyable.","[1, 1, 1, 1, 2, 2, 4, 4, 4, 4, 4, 3, 3, 3, 4, 4, 3, 2, 2, 2, 2, 2]"
481, What do you do  after you win a finite game ,"[1, 1, 1, 1, 2, 2, 2, 2, 2, 2]"
482," In contrast, finite players  are  those who spend their time thinking about their prior victories and successes. ","[0, 0, 1, 1, 1, 1, 2, 2, 2, 2, 2, 3, 3, 3, 3, 3, 3]"
483, Paying less attention to what happened in the past and more attention to what can happen in the future  is a good practice of playing infinite games .,"[1, 1, 1, 1, 2, 2, 2, 2, 2, 0, 1, 1, 1, 2, 2, 2, 2, 2, 2, 1, 1, 1, 1, 1, 1, 1, 1, 0]"
484, Winning the game means  to keep educating yourself  in an infinite game. ,"[1, 1, 1, 1, 4, 4, 4, 4, 3, 3, 3, 3]"
485," If you play life as a finite game,  you train for the rules.","[2, 2, 2, 2, 3, 3, 3, 3, 1, 1, 3, 3, 3]"
486," Instead, if you play it as an infinite game , you focus on being educated to adapt to unknowns.","[0, 2, 2, 2, 2, 3, 3, 3, 3, 0, 1, 1, 1, 1, 1, 4, 4, 3, 3]"
487, Those staying at home found themselves watching drama portrayed on dating reality shows  during the pandemic.,"[1, 1, 1, 1, 1, 1, 1, 1, 2, 3, 3, 3, 3, 3, 3, 3]"
488, These shows deliver relationship dynamics and drama  that are too unrealistic and unnecessary .,"[1, 1, 1, 1, 1, 1, 1, 2, 2, 2, 2, 2, 2, 2]"
489," However, they still take the media  by storm.","[0, 1, 1, 1, 1, 1, 3, 3]"
490, Feelgood shows are the perfect remedy  to overcome the uncertainty of the present.,"[1, 1, 1, 1, 1, 1, 4, 4, 4, 4, 4, 4, 4]"
491," According to psychology experts,  a lack of connection may be one of the reasons  why viewers of reality dating shows enjoy the farfetched drama.","[3, 3, 3, 3, 1, 1, 1, 1, 1, 1, 1, 1, 1, 1, 2, 2, 2, 2, 2, 2, 2, 2, 2, 2]"
492," The more we feel disconnected from those closest to us, the more we might go for drama or excitement elsewhere.","[1, 1, 1, 1, 1, 3, 3, 3, 3, 3, 1, 1, 1, 1, 1, 3, 3, 3, 3, 3]"
493, Participating  in a reality show  allows you to get to know more  about yourself. ,"[1, 3, 3, 3, 3, 1, 1, 1, 1, 1, 1, 1, 3, 3]"
494," Science concerned with developing and studying methods  for analyzing, interpreting, and presenting empirical data  is called statistics.","[1, 2, 2, 2, 2, 2, 2, 3, 3, 3, 3, 3, 3, 3, 1, 1, 1]"
495, Statistics hold the key  that explains this tea tasting experiment.,"[1, 1, 1, 1, 2, 2, 2, 2, 2, 2]"
496, Anyone hoping to pursue a higher education can use statistics  to create a verdict  about their chances of being accepted to Oxford.,"[1, 2, 2, 2, 2, 2, 2, 1, 1, 1, 4, 4, 4, 4, 3, 3, 3, 3, 3, 3, 3, 3]"
497," Statistics are used by marketers  to sell us products  in a world  that is filled  with paradoxes, probabilities, and coin flipping. ","[1, 1, 1, 1, 1, 4, 4, 4, 4, 3, 3, 3, 2, 2, 2, 3, 3, 3, 3, 3, 3]"
498, Netflix predicts what program you might want to watch next  by using statistics. ,"[1, 1, 2, 2, 2, 2, 2, 2, 2, 2, 3, 3, 3]"
499, Statistics are also used by policymakers  to determine whether or not to increase funding for mental health services. ,"[1, 1, 1, 1, 1, 1, 4, 4, 4, 4, 4, 4, 4, 4, 3, 3, 3, 3]"
500, Making sense of datа and determining how to use it are the main goals of statistics .,"[1, 1, 1, 1, 0, 1, 2, 2, 2, 2, 1, 1, 1, 1, 1, 1, 0]"
501, Our ancestors cooking practice which involved a gathering  at their central location resulted in strengthened social bonds and cooperation.,"[1, 1, 1, 1, 2, 2, 2, 2, 3, 3, 3, 3, 1, 1, 1, 1, 1, 1, 1]"
502, Our brain needs one fifth of the calories  from our daily food intake  to meet its basic functionalities.,"[1, 1, 1, 1, 1, 1, 1, 1, 3, 3, 3, 3, 3, 4, 4, 4, 4, 4]"
503," For me,  starting to cook always means  to put on my apron.","[3, 3, 1, 1, 1, 1, 1, 1, 1, 1, 1, 1]"
504, Putting on your apron in the kitchen can instantly make you feel like a chef. ,"[1, 1, 1, 1, 3, 3, 3, 1, 1, 1, 1, 1, 1, 1, 1]"
505, Playing around  with the basic recipe  is the best thing  to do  when you are cooking because it helps you find your goto ingredients. ,"[1, 1, 3, 3, 3, 3, 1, 1, 1, 1, 4, 4, 2, 2, 2, 2, 2, 2, 2, 2, 2, 2, 2, 2]"
506, Playing around with the recipe is very important  for cooking  at home  as it’s all about discovering your own taste.,"[1, 1, 3, 3, 3, 1, 1, 1, 3, 3, 3, 3, 2, 2, 2, 2, 2, 2, 2, 2]"
507, Cooking is the crossover  between health and happiness  known as the two most important things in life.,"[1, 1, 1, 1, 3, 3, 3, 3, 2, 2, 2, 2, 2, 2, 2, 2, 2]"
508," Love and relationships , which are meaningful aspects of our life , play a significant role  in our overall wellbeing and happiness.","[1, 1, 1, 0, 2, 2, 2, 2, 2, 2, 2, 0, 1, 1, 1, 1, 3, 3, 3, 3, 3, 3]"
509, An exciting start  to a relationship  does not guarantee a happy ending .,"[1, 1, 1, 3, 3, 3, 1, 1, 1, 1, 1, 1, 0]"
510," Love , which is a profound emotion , requires care and support  to thrive and deepen over time.","[1, 0, 2, 2, 2, 2, 2, 0, 1, 1, 1, 1, 4, 4, 4, 4, 4, 4]"
511, A healthy relationship is one  where both partners grow together and support each other through good and bad times .,"[1, 1, 1, 1, 1, 2, 2, 2, 2, 2, 2, 2, 2, 2, 2, 2, 2, 2, 2, 0]"
512," Communication , which serves as the foundation of a happy relationship , enables understanding, connection, and effective problemsolving.","[1, 0, 2, 2, 2, 2, 2, 2, 2, 2, 2, 0, 1, 1, 1, 1, 1, 1]"
513, Accepting the flaws of others is difficult  in communication.,"[1, 1, 1, 1, 1, 1, 1, 3, 3]"
514," Furthermore, trust builds relationships  that stand stronger  in the face of trouble.","[0, 1, 1, 1, 2, 2, 2, 3, 3, 3, 3, 3]"
515," Active listening , which involves attentive and empathetic listening , is crucial  for fostering good understanding .","[1, 1, 0, 2, 2, 2, 2, 2, 2, 0, 1, 1, 3, 3, 3, 3, 0]"
516," Trust , which is a vital component of any relationship , allows for a sense of security and stability .","[1, 0, 2, 2, 2, 2, 2, 2, 2, 2, 0, 1, 1, 1, 1, 1, 1, 1, 1, 0]"
517, Accepting the flaws of others can be challenging  for some reasons. ,"[1, 1, 1, 1, 1, 1, 1, 1, 3, 3, 3]"
518," But it is an important aspect of any healthy relationship , where understanding and compromise are key.","[0, 1, 1, 1, 1, 1, 1, 1, 1, 1, 0, 2, 2, 2, 2, 2, 2]"
519, Love requires constant care and attention  to grow and flourish .,"[1, 1, 1, 1, 1, 1, 4, 4, 4, 4, 0]"
520, It is important  to make time and effort  to nurture love .,"[1, 1, 1, 4, 4, 4, 4, 4, 4, 4, 4, 0]"
521, Taking care of yourself is also important  for maintaining a healthy balance.,"[1, 1, 1, 1, 1, 1, 1, 3, 3, 3, 3, 3]"
522, It is not necessary  for everyone  to be  in a romantic relationship  to find happiness.,"[1, 1, 1, 1, 3, 3, 4, 4, 3, 3, 3, 3, 4, 4, 4]"
523, Communication and trust are not always sufficient  to sustain a successful relationship.,"[1, 1, 1, 1, 1, 1, 1, 4, 4, 4, 4, 4]"
524, Relationships may not always justify the effort  that is invested  in them.,"[1, 1, 1, 1, 1, 1, 1, 2, 2, 2, 3, 3]"
525, Some people maintain the same level of feelings  that they experienced  at the beginning of a relationship.,"[1, 1, 1, 1, 1, 1, 1, 1, 2, 2, 2, 3, 3, 3, 3, 3, 3]"
526, Finding a perfect balance of give and take  in a relationship  is not always achievable .,"[1, 1, 1, 1, 1, 1, 1, 1, 3, 3, 3, 1, 1, 1, 1, 0]"
527, Love and relationships can sometimes involve control and manipulation  rather than fostering mutual growth and support.,"[1, 1, 1, 1, 1, 1, 1, 1, 1, 3, 3, 3, 3, 3, 3, 3]"
528, It is important  to prioritize selfcare .,"[1, 1, 1, 4, 4, 4, 0]"
